,tot_vap_20,bvap_20,hvap_20,asian_nhpi_vap_20,amin_vap_20,other_vap_20,white_vap_20,tot_pop_20,bpop_20,hpop_20,asian_nhpi_pop_20,amin_pop_20,other_pop_20,white_pop_20,pres_08_dem,pres_08_rep,pres_12_dem,pres_12_rep,pres_16_dem,pres_16_rep,sen_16_dem,sen_16_rep,gov_18_dem,gov_18_rep,ag_18_dem,ag_18_rep,pres_20_dem,pres_20_rep,sen_20_dem,sen_20_rep
vtd:08031031241,1106,34,88,40,10,15,919,1348,45,126,58,11,17,1091,566,190,580,240,644,165,636,207,622,177,621,179,751,207,740,235
vtd:08031031639,1074,11,47,38,5,15,958,1383,12,67,58,11,19,1216,637,253,601,357,677,217,668,267,662,226,642,238,814,222,777,277
vtd:08031031229,853,8,61,30,13,8,733,1099,13,84,54,17,11,920,466,222,410,265,459,167,445,201,483,193,466,215,605,171,582,216
vtd:08031031230,865,2,69,33,4,5,752,1232,13,93,90,13,12,1011,432,231,454,271,502,195,483,229,517,224,499,244,627,189,591,246
vtd:08031031237,3196,227,302,314,30,34,2289,3273,249,315,322,33,36,2318,995,305,1079,421,1289,240,1134,298,895,143,869,153,895,138,848,166
vtd:08031031415,2244,37,214,93,16,40,1844,2535,41,266,109,17,47,2055,967,211,896,292,1012,173,952,236,1185,211,1149,220,1594,245,1547,296
vtd:08031031416,1444,17,217,52,24,24,1110,1702,29,274,63,25,24,1287,835,178,860,214,901,141,846,196,858,135,823,156,1033,156,1001,181
vtd:08031031421,1737,58,311,57,41,26,1244,2127,91,395,82,43,39,1477,934,163,920,227,997,161,971,221,990,178,961,202,1181,201,1156,251
vtd:08031031522,4398,119,694,219,69,39,3258,4742,160,851,236,71,39,3385,656,110,902,190,1381,348,1292,415,1633,380,1556,405,2486,512,2361,637
vtd:08031031417,1293,27,280,40,22,25,899,1540,34,362,54,22,28,1040,613,112,691,157,735,112,700,148,737,125,737,124,934,107,909,130
vtd:08031031806,2538,994,517,62,26,26,913,3140,1297,703,77,30,36,997,747,52,933,91,1159,130,1090,170,1046,108,1026,120,1329,144,1305,154
vtd:08031031201,2731,161,274,123,47,25,2101,2799,179,286,132,48,27,2127,795,203,726,265,1002,162,953,212,1182,165,1133,184,1482,201,1436,245
vtd:08031031114,1572,26,604,70,49,19,804,1913,33,798,87,59,20,916,545,369,580,364,577,320,573,338,552,305,553,305,751,346,724,373
vtd:08031031841,1475,86,159,61,22,20,1127,1624,145,205,75,27,20,1152,860,114,849,118,891,87,855,95,893,64,873,77,1008,79,987,100
vtd:08031031848,1437,43,122,37,17,22,1196,1487,48,131,42,18,22,1226,835,102,829,151,936,100,888,117,869,92,833,113,1023,108,1003,117
vtd:08031031434,2314,55,1550,42,31,20,616,3147,96,2202,50,46,31,722,569,142,724,132,693,139,670,141,629,119,622,129,940,192,943,184
vtd:08031031102,2991,195,1946,265,36,20,529,4336,365,2946,310,61,36,618,461,112,703,97,757,166,738,174,556,130,577,134,909,285,917,274
vtd:08031031105,2073,54,1153,89,40,23,714,2725,78,1636,118,51,26,816,650,274,726,258,722,315,737,311,672,238,656,252,937,338,930,358
vtd:08031031701,1453,555,297,25,34,27,515,1856,708,437,29,38,29,615,678,31,792,51,777,75,734,111,688,57,682,59,876,93,861,110
vtd:08031031807,1624,704,379,28,25,28,460,2087,866,581,35,32,37,536,750,24,865,35,843,42,790,77,766,45,764,50,962,75,954,79
vtd:08031031808,1411,610,360,25,9,9,398,1800,728,543,41,10,17,461,698,27,890,56,791,72,765,100,753,55,737,58,915,73,903,84
vtd:08031031824,1008,120,78,30,4,19,757,1356,164,114,55,10,23,990,751,84,750,105,769,73,752,96,772,78,757,90,890,76,873,99
vtd:08031031821,940,340,129,21,1,13,436,1226,424,181,25,4,18,574,684,41,709,71,701,58,670,89,646,67,637,73,759,79,741,93
vtd:08031031121,1509,43,583,216,15,9,643,1914,70,796,282,20,13,733,597,362,611,322,617,293,618,308,575,260,582,265,748,326,743,326
vtd:08031031116,1428,23,554,63,33,27,728,1770,44,756,89,36,29,816,583,349,612,338,587,353,605,352,563,320,551,327,697,365,684,382
vtd:08031031110,1604,32,590,70,27,22,863,2021,45,837,93,37,27,982,641,353,648,304,700,347,720,347,704,288,682,316,895,330,883,348
vtd:08031031108,2415,53,1263,154,43,18,884,3110,75,1799,193,54,23,966,709,247,884,274,853,281,875,283,770,241,773,259,1061,357,1045,356
vtd:08031031111,2062,39,953,78,33,16,943,2652,59,1321,109,40,23,1100,684,273,786,266,787,294,801,288,789,254,802,253,1099,346,1113,335
vtd:08031031117,1318,38,389,96,22,20,753,1657,55,550,122,35,26,869,493,325,584,314,537,283,569,281,552,259,542,274,714,307,690,327
vtd:08031031122,1596,45,434,149,13,18,937,1950,72,596,186,13,20,1063,455,450,506,443,583,380,593,382,517,375,499,393,696,420,674,448
vtd:08031031210,1597,59,149,92,20,18,1259,1694,79,165,95,23,21,1311,864,134,906,178,903,129,886,153,954,107,918,126,1064,87,1039,116
vtd:08031031843,1291,47,113,39,24,20,1048,1364,53,123,43,29,22,1094,670,98,742,150,748,62,720,82,752,67,729,69,880,69,872,80
vtd:08031031852,1055,49,105,32,15,19,835,1304,58,138,43,16,26,1023,684,139,648,129,725,85,711,100,747,89,723,109,830,92,815,110
vtd:08031031115,494,16,162,11,4,15,286,626,23,226,14,11,17,335,206,164,203,140,212,133,212,154,203,113,209,125,268,124,256,142
vtd:08031031632,1457,26,73,32,10,12,1304,1604,32,98,41,11,12,1410,649,278,606,294,678,232,669,262,677,246,653,263,798,221,776,253
vtd:08031031921,3151,832,484,189,58,41,1547,3841,1196,620,209,76,48,1692,838,310,962,359,865,333,894,319,721,243,709,256,1071,293,1053,309
vtd:08031031851,1525,66,148,73,17,33,1188,1662,80,162,82,24,39,1275,867,145,910,182,945,99,922,130,984,90,975,104,1072,114,1061,133
vtd:08031031634,941,5,50,28,1,4,853,1003,5,61,28,1,6,902,410,326,369,361,443,268,451,274,457,283,449,288,533,281,499,325
vtd:08031031512,2372,50,219,109,10,12,1972,2470,64,239,120,12,14,2021,612,134,604,212,813,173,757,249,918,209,882,225,1391,311,1323,376
vtd:08031031829,1962,98,161,83,33,19,1568,2068,122,168,87,35,22,1634,740,118,840,187,968,114,938,170,1115,166,1101,171,1325,149,1297,183
vtd:08031031609,283,8,17,11,1,6,240,371,9,20,13,1,6,322,177,69,186,81,222,50,226,48,203,67,203,64,241,59,233,71
vtd:08031031845,1322,34,114,54,21,30,1069,1489,49,121,79,23,41,1176,708,127,764,131,845,80,808,95,777,82,762,89,934,88,932,102
vtd:08031031534,2111,50,1260,125,35,24,617,2770,66,1759,165,48,31,701,517,150,688,154,694,179,701,181,643,142,642,144,890,226,881,233
vtd:08031031638,719,25,46,33,12,18,585,931,33,76,49,12,29,732,338,202,322,256,362,170,368,190,369,192,364,199,462,183,454,206
vtd:08031031501,1532,23,837,25,26,5,616,1893,50,1084,26,30,5,698,546,116,714,135,727,141,712,157,679,141,683,137,862,162,861,170
vtd:08031031846,1380,80,113,78,16,13,1080,1565,100,138,96,17,17,1197,650,127,722,132,799,111,785,139,823,93,793,116,893,92,878,110
vtd:08031031918,1463,96,168,78,11,28,1082,1799,146,242,95,12,34,1270,789,398,722,414,780,304,795,343,759,324,743,336,906,303,879,347
vtd:08031031625,977,159,92,34,16,10,666,1382,266,156,65,21,20,854,404,168,485,239,563,124,552,173,534,152,516,167,648,149,620,180
vtd:08031031927,1211,60,83,75,21,23,949,1466,70,101,87,23,35,1150,484,345,451,396,516,285,521,306,527,287,499,311,704,295,668,345
vtd:08031031916,2247,134,203,138,28,32,1712,2490,162,239,160,33,41,1855,705,436,718,455,911,440,908,474,891,375,845,417,1188,429,1153,478
vtd:08031031906,1413,138,139,92,23,8,1013,1570,182,172,111,23,16,1066,618,215,649,266,704,228,692,242,649,221,619,244,839,266,811,284
vtd:08031031721,1086,453,513,19,3,6,92,1555,581,808,25,4,12,125,589,35,647,36,587,64,554,92,494,61,492,68,636,86,643,77
vtd:08031031935,4038,207,419,347,57,46,2962,4282,233,465,384,62,46,3092,455,317,593,550,992,524,971,584,1131,478,1069,520,1697,651,1628,720
vtd:08031031247,1114,37,102,85,13,13,864,1292,67,138,91,13,18,965,292,192,343,196,394,210,392,229,406,201,389,215,664,232,627,273
vtd:08031031626,1193,142,133,57,3,26,832,1330,176,172,62,7,28,885,423,164,538,224,544,133,536,147,512,132,493,147,711,154,688,180
vtd:08031031915,1267,37,147,50,15,16,1002,1511,60,184,61,23,16,1167,569,259,584,308,584,255,572,282,600,239,564,265,737,279,716,296
vtd:08031031925,762,34,68,19,16,8,617,991,48,84,44,17,20,778,295,265,279,268,371,221,376,232,364,237,353,240,489,205,465,233
vtd:08031031926,809,42,57,28,20,4,658,977,44,83,38,22,5,785,339,267,378,281,386,214,390,224,393,205,363,232,489,202,474,231
vtd:08031031724,1583,463,891,53,9,8,159,2262,625,1350,72,21,8,186,576,58,644,67,625,77,588,107,505,69,517,71,682,106,678,103
vtd:08031031740,1366,470,446,170,15,14,251,1857,635,656,218,20,26,302,493,115,537,104,598,123,577,138,501,106,494,104,669,160,666,147
vtd:08031031738,1357,503,451,139,9,10,245,1852,647,688,184,11,10,312,499,118,578,118,624,132,615,135,497,112,501,114,712,160,717,154
vtd:08031031910,1894,219,227,91,21,27,1309,2160,282,274,112,24,36,1432,872,339,900,344,931,271,944,286,928,252,911,265,1131,289,1118,316
vtd:08031031729,3451,844,1207,427,24,38,911,4791,1268,1739,597,30,56,1101,638,180,576,139,876,256,866,272,1101,261,1055,290,1604,427,1602,415
vtd:08031031644,1172,120,72,22,3,0,955,1174,122,72,22,3,0,955,218,122,155,108,584,330,605,312,601,285,580,305,721,279,706,297
vtd:08031031920,1464,135,128,61,21,21,1098,1771,222,176,85,24,23,1241,670,382,635,385,654,330,683,333,658,329,634,352,825,342,803,368
vtd:08031031912,2105,245,363,99,20,34,1344,2475,333,457,122,29,40,1494,575,371,635,373,651,354,658,373,632,302,613,339,816,314,793,336
vtd:08031031734,2081,611,826,282,12,23,327,3140,953,1316,412,20,32,407,651,167,787,178,719,147,680,175,539,115,528,130,740,198,729,208
vtd:08031031739,1499,502,523,189,26,8,251,2101,734,758,273,28,11,297,538,121,574,109,572,148,549,169,468,121,466,132,722,179,697,189
vtd:08031031643,1275,495,144,50,19,12,555,1562,689,180,68,28,12,585,513,148,843,314,533,131,529,140,465,98,461,113,612,124,614,130
vtd:08031031731,2179,619,802,267,27,11,453,3109,926,1237,363,31,15,537,544,148,637,173,832,256,829,267,773,160,756,173,1104,260,1063,287
vtd:08031031936,1733,206,241,90,21,25,1150,1920,263,289,96,23,30,1219,524,280,605,312,551,251,561,247,503,189,497,195,703,248,692,258
vtd:08031031703,732,94,59,33,2,16,528,1145,187,95,47,7,22,787,67,20,476,168,466,78,451,110,449,101,444,102,563,96,551,116
vtd:08031031130,1595,40,416,89,23,27,1000,1949,69,596,105,23,33,1123,454,402,501,452,479,344,502,359,471,300,460,316,648,374,622,382
vtd:08031031930,1273,226,174,83,12,27,751,1651,379,248,116,15,30,863,514,248,517,251,511,232,507,250,481,194,472,206,627,231,601,252
vtd:08031031211,1328,69,142,29,23,17,1048,1397,84,154,31,23,18,1087,783,103,748,123,796,91,770,110,838,72,829,75,908,74,873,95
vtd:08031031743,928,28,43,83,13,11,750,1620,54,106,144,19,34,1263,91,28,410,144,686,118,660,165,659,144,632,162,755,125,723,164
vtd:08031031126,1945,65,321,113,45,18,1383,2236,77,425,127,46,19,1542,469,326,572,429,578,436,615,447,559,352,541,372,836,490,822,511
vtd:08031031707,918,30,64,60,6,19,739,1507,54,111,111,10,29,1192,231,63,183,64,615,126,599,155,583,132,557,153,722,124,692,156
vtd:08031031847,631,26,54,32,3,1,515,771,34,85,40,6,7,599,377,84,363,75,415,77,405,81,393,75,369,89,468,72,465,72
vtd:08031031712,314,80,58,7,6,6,157,367,94,78,7,6,6,176,148,23,148,30,160,24,151,42,169,21,164,29,226,29,229,31
vtd:08031031535,2259,55,1340,62,50,24,728,2971,76,1897,77,70,25,826,660,172,754,191,854,193,837,214,720,175,700,183,1001,240,1016,234
vtd:08031031642,1129,119,55,51,10,29,865,1470,144,92,80,19,42,1093,566,284,572,304,622,277,609,304,586,260,584,268,705,282,689,300
vtd:08031031904,1331,68,144,75,20,43,981,1607,86,199,90,20,54,1158,677,299,644,291,725,235,727,262,763,237,736,265,930,215,907,245
vtd:08031031104,2452,77,1637,209,24,24,481,3230,129,2273,256,28,28,516,489,121,599,140,543,155,557,158,468,142,471,144,685,212,682,201
vtd:08031031630,866,64,68,49,19,28,638,1186,99,98,87,19,32,851,418,176,446,209,543,166,542,189,518,156,503,165,594,154,580,186
vtd:08031031106,2525,82,1497,118,41,24,763,3413,107,2238,135,48,36,849,674,222,796,201,815,227,824,240,728,208,726,200,1021,284,1014,296
vtd:08031031242,1232,19,116,35,35,14,1013,1401,24,144,46,39,15,1133,583,190,568,242,572,189,568,219,569,192,563,198,682,197,661,236
vtd:08031031243,1404,24,114,64,16,31,1155,1597,29,147,76,16,39,1290,664,199,552,227,737,172,709,225,685,162,661,188,809,203,800,226
vtd:08031031244,1606,74,140,136,14,21,1221,1780,81,165,153,14,27,1340,674,184,577,225,679,200,638,226,733,151,709,161,865,204,848,228
vtd:08031031410,1226,32,295,31,24,10,834,1435,45,365,52,26,10,937,612,107,672,126,706,97,686,119,719,112,703,118,864,138,858,152
vtd:08031031506,1316,24,375,52,15,25,825,1547,31,470,69,17,29,931,573,72,653,89,758,85,728,117,802,77,797,83,970,94,938,131
vtd:08031031418,2078,102,276,62,28,24,1586,2294,118,333,66,30,26,1721,875,160,928,226,1019,185,930,258,996,189,968,208,1275,211,1247,248
vtd:08031031803,1329,330,531,20,24,17,407,1735,441,767,24,30,18,455,470,30,591,69,516,52,508,72,495,66,489,69,707,90,705,93
vtd:08031031804,1005,218,306,32,11,11,427,1316,293,461,40,14,11,497,493,24,509,49,591,38,569,62,558,47,545,52,680,52,670,65
vtd:08031031805,1016,270,286,28,9,13,410,1286,338,420,31,9,13,475,414,20,498,52,541,43,526,82,480,43,472,49,667,63,666,66
vtd:08031031818,829,239,118,17,11,24,420,975,281,151,24,12,28,479,545,26,556,39,539,38,517,61,531,35,531,29,631,41,621,47
vtd:08031031430,1552,37,934,10,21,11,539,1958,52,1263,14,23,14,592,490,65,612,69,670,101,661,97,617,81,616,95,818,140,815,144
vtd:08031031427,593,183,258,46,16,2,88,1127,417,482,48,29,2,149,192,26,281,20,199,25,193,31,110,18,112,18,173,37,171,37
vtd:08031031248,1006,26,52,41,6,20,861,1390,48,79,66,13,36,1148,546,257,547,262,603,211,608,232,608,221,578,237,714,209,675,258
vtd:08031031617,1164,34,72,42,17,16,983,1307,41,93,49,17,24,1083,485,269,487,352,530,283,511,326,515,322,502,324,658,298,614,354
vtd:08031031853,908,20,41,31,10,12,794,1183,32,73,37,12,17,1012,624,168,615,188,700,126,711,141,673,161,670,159,779,126,751,161
vtd:08031031854,1232,42,84,77,13,19,997,1486,61,113,89,17,29,1177,686,177,721,210,853,129,800,170,814,135,801,139,870,138,841,177
vtd:08031031618,1005,30,66,35,3,11,860,1113,34,76,47,5,13,938,438,220,452,339,510,267,508,282,497,274,488,273,582,283,560,323
vtd:08031031610,388,4,19,7,5,6,347,504,6,25,12,9,9,443,266,73,254,86,300,44,285,69,280,64,277,72,319,42,304,62
vtd:08031031619,1502,43,121,69,6,30,1233,1601,49,133,77,8,35,1299,474,251,430,317,533,250,523,271,565,288,555,292,767,365,724,425
vtd:08031031511,1830,46,209,86,21,17,1451,1948,58,249,89,23,17,1512,517,106,549,194,635,143,600,192,775,180,750,186,1140,184,1093,242
vtd:08031031426,3279,282,998,175,71,41,1712,4075,430,1462,196,90,42,1855,738,125,962,172,812,186,806,229,905,195,889,204,1743,356,1676,421
vtd:08031031819,1208,415,155,48,15,9,566,1409,493,194,52,20,10,640,555,31,569,37,562,42,533,70,561,50,546,55,794,76,786,92
vtd:08031031820,958,306,73,22,9,13,535,1221,366,118,37,13,21,666,735,43,758,88,752,68,724,104,746,82,737,85,822,77,818,89
vtd:08031031621,1479,60,103,71,21,7,1217,1633,75,120,88,21,14,1315,337,173,465,325,639,292,613,339,649,277,625,303,808,295,781,324
vtd:08031031823,989,130,35,38,10,9,767,1324,155,58,68,15,14,1014,770,94,754,120,850,70,823,102,821,80,788,111,916,78,898,96
vtd:08031031844,1657,127,137,60,20,19,1294,1800,140,151,75,20,24,1390,927,116,907,126,951,93,903,116,969,93,943,111,1047,114,1034,123
vtd:08031031830,1382,148,149,42,21,35,987,1678,212,177,47,29,38,1175,659,114,782,123,848,79,820,96,818,80,794,99,921,103,898,122
vtd:08031031538,1763,67,1044,153,37,26,436,2412,113,1526,198,42,39,494,417,149,574,135,548,179,536,157,469,160,460,164,662,254,662,252
vtd:08031031536,1965,77,1098,235,32,24,499,2523,98,1541,269,34,30,551,472,148,540,145,603,181,585,180,501,147,490,168,703,267,718,258
vtd:08031031637,1157,24,71,39,12,8,1003,1503,36,103,63,14,14,1273,592,369,560,420,626,317,635,378,613,372,587,394,780,335,744,400
vtd:08031031124,1398,22,287,68,26,17,978,1784,33,407,91,33,26,1194,517,383,458,406,449,431,476,423,451,363,431,378,594,469,585,489
vtd:08031031239,1637,59,171,77,25,28,1277,1869,68,211,89,29,37,1435,635,292,629,330,723,263,720,292,700,268,686,276,898,245,852,294
vtd:08031031238,3197,107,270,289,39,41,2451,3550,124,310,327,50,48,2691,869,325,930,477,1088,278,1037,375,1058,299,1001,337,1389,295,1336,361
vtd:08031031640,1634,33,139,72,12,16,1362,2029,42,167,89,19,26,1686,738,430,707,499,805,368,780,423,791,381,768,408,983,369,936,436
vtd:08031031231,1006,19,86,56,12,19,814,1345,29,129,79,13,43,1052,504,226,475,273,529,221,529,253,514,226,492,228,663,216,639,252
vtd:08031031901,2142,197,316,128,29,33,1439,2305,218,362,138,31,36,1520,751,194,746,239,803,226,780,224,867,179,838,203,1127,223,1100,241
vtd:08031031907,2467,324,381,187,36,27,1512,2891,397,492,217,44,30,1711,731,280,761,295,795,270,776,266,688,210,670,232,939,307,915,314
vtd:08031031502,1498,132,963,16,16,7,364,2049,226,1351,21,28,16,407,382,51,489,49,514,88,511,86,432,55,431,56,649,110,641,114
vtd:08031031503,2273,264,1541,18,49,11,390,3218,438,2237,23,64,23,433,486,48,661,57,676,107,684,98,518,82,527,76,754,130,755,128
vtd:08031031505,1448,142,774,31,29,11,461,1911,273,1036,35,34,12,521,496,86,610,90,663,121,628,139,587,104,572,117,782,151,761,169
vtd:08031031508,1240,22,217,43,20,28,910,1424,28,266,60,22,31,1017,505,84,504,120,633,141,626,150,599,134,601,141,822,140,804,179
vtd:08031031507,1817,132,707,40,28,26,884,2245,219,924,55,35,34,978,591,64,714,95,728,85,700,104,716,107,706,101,1037,161,1018,186
vtd:08031031509,2032,63,349,103,36,26,1455,2236,82,426,110,39,37,1542,521,78,526,120,827,146,800,193,803,193,789,196,1140,222,1100,277
vtd:08031031822,1022,371,91,29,15,18,498,1281,451,132,36,19,26,617,697,40,767,56,779,53,756,82,699,56,693,67,860,62,832,79
vtd:08031031831,942,38,51,30,12,8,803,1260,51,66,39,19,11,1074,748,123,715,164,770,80,767,100,761,104,748,120,869,78,854,99
vtd:08031031129,859,11,220,36,17,4,571,1100,27,319,47,23,7,677,387,345,354,311,353,322,376,324,389,305,360,327,440,330,420,355
vtd:08031031622,1082,10,35,41,2,20,974,1504,23,52,84,2,30,1313,686,298,637,364,703,231,709,254,706,267,691,270,877,239,831,299
vtd:08031031627,1130,21,51,52,5,15,986,1580,29,77,80,8,36,1350,710,333,639,399,725,242,711,277,676,293,677,293,816,256,780,316
vtd:08031031510,2243,234,715,49,48,19,1178,2531,280,915,49,48,30,1209,301,61,358,66,440,106,446,100,410,64,410,63,592,99,588,105
vtd:08031031834,1131,53,88,57,21,5,907,1463,67,124,81,28,5,1158,721,152,658,178,754,112,740,138,753,129,723,163,844,113,830,136
vtd:08031031605,930,37,73,39,15,15,751,1132,58,93,50,21,20,890,550,129,534,142,603,109,587,121,604,113,590,129,720,110,702,137
vtd:08031031611,839,57,69,33,9,13,658,1041,81,88,39,13,18,802,283,91,411,130,527,108,511,134,556,112,531,125,635,97,605,128
vtd:08031031119,2579,142,1561,203,46,24,603,3542,220,2288,254,52,34,694,465,157,657,167,644,191,615,188,489,184,494,175,787,285,798,293
vtd:08031031131,1490,59,369,92,20,10,940,2022,128,557,123,31,10,1173,660,469,536,433,500,385,535,394,484,340,474,362,668,405,658,426
vtd:08031031213,1218,87,288,38,25,22,758,1389,111,359,46,27,23,823,541,69,738,107,689,84,655,105,660,73,655,77,831,78,829,83
vtd:08031031613,1313,60,92,58,27,17,1059,1659,78,128,75,29,24,1325,736,214,627,221,802,152,763,194,757,199,747,195,912,181,880,210
vtd:08031031614,763,34,67,28,7,15,612,950,47,88,31,10,17,757,470,151,444,155,485,122,468,147,463,145,447,153,570,108,558,133
vtd:08031031515,6069,331,700,324,53,33,4628,6288,388,771,339,61,43,4686,689,172,697,272,1552,327,1440,412,1958,317,1868,368,3067,526,2949,633
vtd:08031031523,2112,64,156,95,16,38,1743,2194,74,166,99,17,39,1799,774,314,636,355,929,247,878,308,877,289,855,288,1155,303,1128,339
vtd:08031031832,917,48,44,13,8,9,795,1226,72,79,29,10,12,1024,789,122,736,163,753,107,762,116,762,107,743,117,850,86,830,113
vtd:08031031711,473,141,42,19,7,11,253,550,158,59,22,8,11,292,311,31,320,39,327,34,317,43,301,33,295,34,345,40,348,38
vtd:08031031602,1054,129,119,55,10,15,726,1238,150,147,77,19,16,829,604,156,617,144,580,88,565,94,600,106,586,106,740,94,732,106
vtd:08031031833,1106,65,76,34,11,33,887,1522,82,110,76,16,46,1192,746,153,709,187,807,119,779,165,803,136,784,145,930,106,916,128
vtd:08031031633,1120,8,41,38,13,11,1009,1394,10,58,62,13,12,1239,652,260,596,336,684,225,661,271,708,258,681,280,849,225,809,284
vtd:08031031737,1444,428,540,139,16,29,292,2131,632,876,185,21,36,381,404,102,637,159,554,156,534,167,479,114,476,123,631,152,621,168
vtd:08031031911,3063,489,618,147,49,31,1729,3686,615,805,184,58,50,1974,869,337,976,432,983,348,952,369,825,257,793,287,1060,313,1040,361
vtd:08031031742,1899,700,476,152,9,16,546,2893,1284,726,216,12,21,634,187,67,396,127,398,122,404,133,326,94,312,98,759,179,722,192
vtd:08031031629,1425,125,100,70,14,33,1083,1879,197,155,103,17,47,1360,673,255,476,235,546,161,538,205,686,241,660,268,997,294,963,341
vtd:08031031718,1747,396,1195,23,9,3,121,2578,559,1796,29,10,11,173,516,58,642,90,621,71,583,86,471,72,468,73,664,121,664,117
vtd:08031031719,1392,472,737,30,3,1,149,2019,647,1149,31,4,7,181,405,34,528,47,589,55,560,76,465,44,478,41,704,84,702,85
vtd:08031031929,1363,201,239,62,2,13,846,1695,302,308,80,5,19,981,468,284,473,297,529,244,534,259,472,213,422,253,634,238,609,260
vtd:08031031250,1260,16,49,49,10,21,1115,1744,26,92,79,18,30,1499,644,401,628,462,726,282,717,344,733,303,694,327,906,264,873,315
vtd:08031031913,1659,85,168,75,21,15,1295,1953,104,215,92,27,24,1491,671,314,604,313,752,306,764,340,781,292,754,330,1099,323,1068,367
vtd:08031031914,1163,24,98,51,11,23,956,1473,50,160,74,13,37,1139,544,275,532,334,582,288,575,307,595,272,556,305,707,260,681,315
vtd:08031031723,1648,288,1148,73,13,0,126,2317,400,1661,85,15,4,152,415,60,542,77,675,69,636,88,464,65,455,67,707,116,710,93
vtd:08031031917,1644,76,174,65,6,29,1294,1891,96,216,88,8,31,1452,736,487,706,432,788,359,818,389,802,359,786,382,967,364,931,415
vtd:08031031931,890,60,50,47,21,14,698,1128,85,58,64,23,23,875,398,350,377,335,401,263,395,284,382,270,361,287,491,272,480,293
vtd:08031031722,1800,413,1183,53,6,7,138,2660,552,1845,77,7,8,171,503,48,651,58,679,75,642,102,531,78,546,76,756,108,779,103
vtd:08031031650,1685,321,231,70,14,9,1040,1973,429,323,89,20,14,1098,556,229,609,267,627,225,629,221,599,194,600,204,731,246,704,262
vtd:08031031514,2638,97,276,153,31,18,2063,2680,106,284,155,31,20,2084,285,116,473,327,860,226,768,284,896,212,850,215,1268,257,1213,303
vtd:08031031741,1715,494,733,190,14,14,270,2458,717,1084,268,14,26,349,489,128,642,128,613,122,612,136,499,95,496,109,698,144,689,155
vtd:08031031652,1170,115,63,25,19,15,933,1184,126,65,26,19,15,933,671,472,278,205,577,309,607,303,610,290,589,325,713,293,687,307
vtd:08031031646,3160,988,931,178,16,35,1012,4128,1292,1360,226,31,39,1180,737,232,886,234,797,232,786,247,686,181,675,208,965,254,933,264
vtd:08031031908,1517,74,225,50,17,34,1117,1915,103,335,77,21,38,1341,699,301,626,285,704,278,723,277,720,256,687,288,895,276,852,315
vtd:08031031518,1191,70,133,218,12,16,742,1233,79,139,222,14,17,762,295,131,449,278,478,165,476,176,429,142,410,155,552,180,544,187
vtd:08031031524,2384,131,282,182,28,28,1733,2478,152,312,188,31,32,1763,527,206,612,353,753,283,733,332,712,237,681,248,829,265,806,294
vtd:08031031714,2116,691,1092,106,9,5,213,3015,890,1735,148,10,10,222,560,46,624,54,642,66,608,92,511,69,508,76,765,100,743,116
vtd:08031031214,1275,47,128,49,25,22,1004,1414,60,153,56,29,27,1089,553,70,631,92,710,95,675,137,732,97,690,122,867,121,856,136
vtd:08031031216,1627,35,153,75,22,14,1328,1697,40,168,91,22,15,1361,682,145,701,167,840,107,776,137,936,122,912,137,1205,125,1186,156
vtd:08031031221,2101,77,176,120,34,21,1673,2339,94,211,153,43,23,1815,1072,185,1058,277,1182,185,1137,258,1197,175,1175,184,1433,169,1409,207
vtd:08031031537,2331,121,1467,122,33,16,572,3113,163,2078,138,48,16,670,434,129,644,152,665,199,655,199,577,156,576,156,808,262,793,271
vtd:08031031909,1346,84,122,54,17,21,1048,1731,126,187,79,20,25,1294,720,353,736,327,794,248,790,277,830,259,784,296,932,266,907,294
vtd:08031031249,1301,7,54,40,10,16,1174,1704,17,68,65,20,32,1502,618,522,647,530,739,367,758,411,740,408,707,436,920,333,880,397
vtd:08031031809,1938,250,294,88,33,35,1238,2101,330,325,88,41,43,1274,312,72,284,78,489,130,467,157,409,120,395,127,1045,252,1021,264
vtd:08031031529,3914,450,536,197,52,36,2643,4053,473,578,209,57,36,2700,777,228,771,257,933,247,906,266,1175,253,1117,295,1851,378,1793,463
vtd:08031031710,1067,156,111,81,16,10,693,1491,185,173,122,20,23,968,522,104,612,164,658,75,643,116,623,103,616,106,742,117,727,137
vtd:08031031539,1567,108,806,42,29,22,560,2094,218,1146,51,39,27,613,454,160,523,130,493,155,510,158,483,121,478,115,643,194,643,193
vtd:08031031224,2088,40,158,111,26,19,1734,2297,43,188,125,26,31,1884,686,154,605,206,841,167,808,201,835,160,819,171,1336,225,1289,268
vtd:08031031232,1686,79,313,68,23,32,1171,1816,97,368,75,25,34,1217,536,125,429,150,521,133,486,152,535,111,517,121,850,181,839,191
vtd:08031031401,1599,42,400,47,29,17,1064,1914,51,517,68,30,17,1231,713,263,657,219,709,237,716,252,748,230,736,238,966,311,935,338
vtd:08031031405,1410,29,301,58,28,21,973,1713,39,396,77,29,22,1150,788,197,790,202,878,181,841,212,830,185,791,210,956,197,933,228
vtd:08031031206,2292,114,297,117,20,30,1714,2345,132,304,118,25,32,1734,709,149,1032,278,1162,161,1078,193,1113,137,1080,153,1379,141,1322,177
vtd:08031031521,1325,192,330,53,29,27,694,1585,307,400,57,32,34,755,546,53,635,95,711,75,674,95,634,77,623,77,869,99,853,110
vtd:08031031603,1248,159,280,34,47,12,716,1580,241,424,51,51,13,800,522,101,528,117,602,116,596,142,607,99,594,103,748,138,739,139
vtd:08031031838,1577,229,512,40,35,21,740,1964,325,707,50,37,22,823,584,114,694,122,670,122,676,133,629,97,614,108,810,157,800,160
vtd:08031031217,1377,64,120,41,17,28,1107,1520,76,136,46,17,32,1213,805,167,776,214,856,149,841,191,829,156,812,172,986,139,961,171
vtd:08031031406,1091,18,361,31,17,9,655,1328,32,438,47,19,10,782,571,120,629,126,674,142,656,161,608,136,596,158,747,147,731,165
vtd:08031031413,1585,42,210,83,17,26,1207,1912,61,248,97,20,28,1458,902,218,876,260,978,205,954,253,987,212,958,232,1220,195,1175,242
vtd:08031031813,1217,268,273,24,22,6,624,1597,398,411,34,27,8,719,552,53,643,58,742,37,687,62,645,53,647,49,818,52,799,73
vtd:08031031604,3067,1004,631,496,22,17,897,4307,1550,909,806,33,17,992,783,126,950,145,853,167,829,162,745,121,717,133,1021,186,1012,183
vtd:08031031504,1972,54,1570,8,27,16,297,2747,105,2238,8,36,18,342,443,64,639,51,581,101,587,110,461,64,459,66,755,132,751,129
vtd:08031031127,2090,65,308,96,26,13,1582,2310,80,380,125,29,17,1679,674,541,447,390,649,503,704,481,644,399,624,424,924,528,894,557
vtd:08031031112,1409,29,401,71,20,14,874,1717,54,524,91,26,25,997,517,327,531,349,491,323,502,350,496,265,474,287,669,346,651,362
vtd:08031031225,919,14,55,15,1,13,821,1125,20,76,27,7,19,976,458,141,521,208,562,128,534,182,538,146,523,155,679,126,652,166
vtd:08031031608,1243,12,45,26,1,19,1140,1505,15,67,38,1,21,1363,875,257,785,316,919,167,918,215,906,217,899,226,1064,163,1014,229
vtd:08031031408,1908,28,280,55,22,35,1488,2260,41,367,74,23,39,1716,910,188,894,215,909,201,870,243,961,203,924,234,1272,243,1232,279
vtd:08031031414,1527,29,197,52,21,16,1212,1836,35,233,72,26,20,1450,860,205,849,249,922,179,898,210,902,195,880,217,1084,201,1046,247
vtd:08031031814,954,189,152,33,4,10,566,1225,261,218,47,10,10,679,565,52,579,52,643,39,621,53,611,47,613,45,713,61,711,67
vtd:08031031812,1334,201,206,47,3,13,864,1609,292,271,64,11,17,954,661,73,726,90,731,84,719,97,699,85,683,95,847,93,843,102
vtd:08031031202,2094,205,295,119,30,26,1419,2193,225,316,126,35,29,1462,547,139,705,244,865,144,838,163,837,130,807,143,981,139,950,162
vtd:08031031113,1107,12,344,67,13,17,654,1407,37,481,88,19,28,754,533,306,537,315,510,280,543,276,493,253,485,268,619,294,610,305
vtd:08031031411,1294,40,351,23,12,25,843,1493,52,424,34,14,26,943,657,83,686,114,712,114,697,132,703,117,674,136,857,135,827,169
vtd:08031031433,2022,53,1298,49,29,25,568,2613,83,1779,62,36,29,624,538,146,716,156,689,209,702,198,646,157,651,162,872,230,870,234
vtd:08031031228,680,2,36,40,8,14,580,854,9,49,56,10,19,711,419,148,358,195,390,134,368,167,386,143,385,147,455,149,437,167
vtd:08031031635,1624,30,109,75,11,26,1373,1829,38,126,95,11,31,1528,490,454,412,427,609,409,632,442,655,443,642,442,921,451,858,528
vtd:08031031420,1595,70,407,118,30,28,942,1946,97,561,136,38,32,1082,785,229,841,236,874,187,852,206,760,167,733,191,924,216,903,238
vtd:08031031423,2165,156,741,67,59,30,1112,2782,242,1045,77,64,33,1321,499,234,642,209,577,185,553,200,554,192,540,191,944,302,923,311
vtd:08031031424,2038,53,462,75,13,29,1406,2362,80,568,79,13,33,1589,456,171,498,143,740,222,717,242,816,212,807,206,1298,330,1255,375
vtd:08031031204,2337,161,362,86,50,29,1649,2393,178,383,87,52,30,1663,1006,130,1010,163,1051,85,993,119,995,90,966,100,1245,109,1214,135
vtd:08031031205,1798,103,222,76,28,30,1339,1855,110,230,82,30,32,1371,864,101,866,124,892,81,865,94,962,72,928,94,1109,100,1085,119
vtd:08031031815,856,151,98,25,9,12,561,1064,208,116,30,10,18,682,544,47,581,61,643,37,625,55,636,50,620,61,724,49,712,60
vtd:08031031432,1976,35,1218,29,45,25,624,2633,78,1745,39,55,32,684,529,115,739,113,700,118,680,139,678,88,669,99,881,161,891,166
vtd:08031031226,945,10,54,25,8,15,833,1090,14,64,32,9,22,949,511,140,482,197,602,121,577,162,559,128,559,125,717,128,708,140
vtd:08031031235,1524,18,77,41,19,29,1340,1891,28,99,57,27,41,1639,871,292,842,345,920,236,924,295,948,240,906,271,1107,242,1069,290
vtd:08031031429,1992,64,1156,39,32,21,680,2572,104,1621,42,38,23,744,498,95,664,105,730,134,708,142,662,114,662,122,946,187,936,193
vtd:08031031816,908,192,77,21,5,16,597,1089,220,107,33,10,21,698,585,50,578,73,585,60,576,77,573,67,556,83,686,59,676,77
vtd:08031031828,2139,218,288,79,35,30,1489,2304,262,314,89,37,41,1561,866,125,975,159,919,116,879,161,1030,124,1012,132,1305,122,1258,161
vtd:08031031842,1250,86,115,49,11,23,966,1340,99,134,55,13,28,1011,759,134,774,148,716,113,694,128,747,98,736,119,835,104,824,126
vtd:08031031849,1560,45,119,56,32,24,1284,1655,45,132,61,32,24,1361,782,127,795,160,946,103,895,124,932,114,899,131,1093,103,1085,112
vtd:08031031436,2878,122,2214,105,33,22,382,4270,242,3331,150,40,45,462,416,91,671,96,595,105,573,125,458,80,460,81,759,166,775,149
vtd:08031031103,2177,58,1358,52,44,15,650,2986,93,1993,72,56,22,750,543,176,657,168,678,241,703,227,637,199,626,211,886,274,883,268
vtd:08031031704,944,326,226,24,7,11,350,1225,410,338,31,7,19,420,530,29,616,50,564,51,551,75,535,53,526,63,633,62,632,69
vtd:08031031120,2624,107,987,135,59,36,1300,3323,154,1447,159,70,39,1454,679,355,730,367,634,388,635,382,638,278,606,299,867,392,832,416
vtd:08031031118,2808,143,1464,111,39,19,1032,3643,202,2086,127,47,29,1152,576,241,709,247,599,234,592,241,501,189,484,204,777,236,783,222
vtd:08031031623,1257,14,48,41,9,23,1122,1725,18,95,72,13,40,1487,731,369,680,445,779,282,767,363,728,339,704,355,916,292,881,338
vtd:08031031628,1835,256,248,85,11,29,1206,2298,331,339,105,13,38,1472,823,280,820,332,854,228,843,245,864,197,834,210,1057,250,1029,278
vtd:08031031825,975,191,64,40,11,11,658,1322,229,92,54,13,19,915,715,75,723,83,728,68,705,115,709,82,697,91,845,88,837,96
vtd:08031031855,3268,337,454,152,39,43,2243,3567,384,535,179,45,44,2380,1133,252,1054,237,1222,191,1151,257,1281,176,1248,213,1989,287,1928,324
vtd:08031031612,1251,53,125,53,11,19,990,1484,69,182,59,18,25,1131,632,149,697,193,740,146,730,173,745,149,739,154,908,160,881,176
vtd:08031031835,1058,35,57,37,13,10,906,1417,45,82,56,18,25,1191,754,152,712,193,804,112,792,147,774,153,762,160,887,117,873,152
vtd:08031031123,1595,67,330,63,18,15,1102,1965,107,467,76,32,19,1264,402,478,468,491,525,498,534,527,499,489,466,522,625,528,595,563
vtd:08031031532,828,38,209,28,10,17,526,950,57,247,32,10,20,584,348,53,405,65,442,58,413,70,429,51,417,53,541,57,544,61
vtd:08031031919,1434,103,171,85,9,36,1030,1741,161,224,101,14,39,1202,724,400,700,433,751,386,735,414,764,348,727,385,898,344,851,375
vtd:08031031928,910,80,81,33,13,19,684,1237,108,127,49,13,42,898,504,283,429,275,517,212,511,242,500,220,472,236,598,207,571,246
vtd:08031031733,4770,1067,1497,631,59,36,1480,6293,1513,2123,861,75,48,1673,583,209,433,137,699,219,658,249,706,190,713,194,1688,518,1628,553
vtd:08031031932,1440,164,197,66,20,31,962,1777,242,253,72,27,44,1139,511,297,617,304,611,238,610,241,606,220,583,242,758,267,743,285
vtd:08031031933,813,71,51,42,15,25,609,1033,104,94,70,16,34,715,364,235,363,227,403,222,408,231,437,199,406,222,502,222,485,237
vtd:08031031934,1272,252,141,120,15,13,731,1549,357,181,141,17,16,837,450,249,478,255,464,194,469,205,494,159,473,189,639,208,630,223
vtd:08031031937,1500,77,139,95,21,20,1148,1660,89,164,106,21,20,1260,411,354,316,341,552,335,553,355,566,327,532,349,733,369,690,406
vtd:08031031923,2830,428,960,154,42,16,1230,3794,626,1467,189,44,24,1444,722,373,849,389,739,336,732,348,643,301,620,338,892,340,859,375
vtd:08031031938,1941,120,162,134,15,37,1473,2116,138,179,153,22,37,1587,290,220,391,372,515,357,512,357,591,323,578,328,831,429,807,464
vtd:08031031715,1844,384,1215,37,17,12,179,2768,588,1889,47,24,16,204,549,58,742,68,617,89,582,97,459,77,456,77,664,120,671,114
vtd:08031031716,1799,257,1310,57,8,13,154,2703,352,2050,74,14,20,193,445,63,514,55,525,80,515,93,374,73,374,75,583,105,588,97
vtd:08031031720,2374,629,1368,145,10,13,209,3462,826,2130,228,11,18,249,611,44,767,68,602,64,575,87,475,57,463,67,621,75,601,82
vtd:08031031717,1762,413,1114,46,9,10,170,2617,610,1733,62,9,14,189,504,54,592,57,600,76,601,75,493,72,492,75,696,119,695,104
vtd:08031031728,4290,879,1975,328,36,18,1054,5853,1270,2871,442,43,22,1205,561,160,669,166,616,160,587,188,692,161,690,166,1432,393,1400,397
vtd:08031031725,1764,456,1068,74,7,7,152,2570,668,1589,87,8,15,203,525,57,647,57,589,79,559,105,482,60,481,70,722,113,724,102
vtd:08031031726,1801,592,915,100,19,11,164,2604,774,1419,140,36,19,216,572,68,627,61,629,65,600,94,541,68,546,68,771,92,748,106
vtd:08031031735,1354,421,512,64,15,7,335,1907,611,786,99,16,7,388,427,110,572,132,585,143,575,152,505,123,488,143,643,167,640,170
vtd:08031031736,1268,377,525,159,17,2,188,1738,513,751,225,18,7,224,373,97,526,133,485,126,491,136,423,101,422,110,548,171,544,175
vtd:08031031706,1136,51,89,70,12,18,896,1635,71,148,136,16,21,1243,654,168,655,206,808,93,780,137,806,123,773,136,914,113,888,157
vtd:08031031648,1524,252,189,72,17,9,985,1787,342,249,82,26,9,1079,599,209,669,235,742,204,720,231,727,208,698,226,924,215,904,241
vtd:08031031705,2266,149,244,135,5,55,1678,2725,186,313,175,14,63,1974,354,80,931,306,789,177,764,229,927,188,899,222,1298,248,1246,287
vtd:08031031631,2582,427,394,121,21,21,1598,3198,634,525,164,24,32,1819,948,472,1005,409,1110,271,1078,332,954,220,926,243,1335,253,1272,308
vtd:08031031649,3356,852,571,179,57,26,1671,4257,1239,736,244,65,35,1938,889,242,1077,306,923,260,918,262,845,173,834,184,1155,325,1125,343
vtd:08031031727,1768,324,1002,157,4,11,270,2627,494,1570,215,4,15,329,292,60,606,154,653,132,654,138,539,122,535,119,802,200,810,184
vtd:08031031651,2514,437,564,161,41,39,1272,2928,559,707,205,44,42,1371,594,239,877,427,627,246,616,247,585,166,571,171,975,266,922,302
vtd:08031031922,2524,335,374,180,35,18,1582,2823,381,471,199,45,20,1707,919,411,901,424,943,377,927,400,844,307,819,324,1091,355,1056,379
vtd:08031031840,594,31,54,35,5,9,460,939,45,101,66,7,22,698,333,71,353,97,391,80,390,98,408,85,389,100,487,78,478,90
vtd:08031031730,2428,700,710,233,17,21,747,3249,971,1049,324,26,31,848,503,144,641,172,811,270,813,306,823,294,802,311,1297,428,1276,444
vtd:08031031732,1293,494,439,160,11,7,182,1858,739,661,213,14,9,222,350,94,629,163,556,126,547,131,475,82,479,99,667,123,645,136
vtd:08031031839,590,41,44,66,3,12,424,973,69,82,134,7,22,659,347,77,369,105,414,66,406,83,403,69,387,88,483,51,475,67
vtd:08031031708,3648,495,708,133,97,26,2189,4608,614,802,203,109,41,2839,707,190,807,270,1014,168,987,226,998,197,960,213,1265,185,1254,218
vtd:08031031620,1915,41,124,93,7,25,1625,1982,43,125,98,8,26,1682,513,254,549,353,655,297,630,306,664,252,656,261,880,355,854,379
vtd:08031031513,5923,157,460,354,59,153,4740,6085,166,500,375,60,155,4829,692,284,480,331,1332,403,1271,511,1588,458,1557,460,2893,769,2765,897
vtd:08031031219,3561,87,247,145,24,44,3014,3721,97,270,151,24,51,3128,1125,330,1089,406,1144,287,1087,354,1371,345,1329,357,1691,363,1618,437
vtd:08031031207,1730,99,191,61,20,29,1330,1771,109,198,62,24,30,1348,835,139,861,169,897,148,864,156,912,134,884,134,1049,139,1037,146
vtd:08031031713,1281,162,140,66,9,16,888,1922,245,220,113,22,23,1299,434,87,569,154,699,91,680,147,695,128,671,141,927,122,879,178
vtd:08031031924,3501,762,964,553,63,26,1133,4431,1019,1349,732,69,46,1216,464,116,628,181,637,149,631,167,468,94,463,84,797,173,775,191
vtd:08031031645,1117,131,61,15,8,13,889,1126,132,64,16,8,13,893,365,229,223,134,517,282,565,267,554,234,532,269,696,250,671,270
vtd:08031031530,171,22,25,9,11,0,104,171,22,25,9,11,0,104,69,9,85,15,68,8,62,13,67,4,64,5,73,16,75,12
vtd:08031031601,685,17,61,25,16,9,557,824,22,77,37,19,17,652,432,114,413,92,445,66,425,78,438,69,429,71,491,67,482,84
vtd:08031031641,1713,120,229,95,28,43,1198,2119,180,304,123,30,53,1429,734,276,662,276,793,284,780,315,790,250,751,282,995,302,958,330
vtd:08031031624,1364,46,115,45,20,17,1121,1800,74,165,79,26,25,1431,759,300,716,416,814,273,800,323,743,312,733,325,933,268,895,320
vtd:08031031647,1544,183,226,90,27,19,999,1961,277,320,111,40,20,1193,668,247,641,244,660,216,638,244,679,205,663,219,848,249,834,264
vtd:08031031519,2402,189,319,91,48,26,1729,2604,255,360,98,53,30,1808,408,140,500,240,667,222,614,267,632,166,612,162,984,197,952,223
vtd:08031031517,969,48,65,52,16,13,775,1009,56,74,52,16,14,797,325,154,338,211,460,196,455,207,435,184,422,185,568,200,556,219
vtd:08031031709,848,260,107,17,15,14,435,1058,332,155,24,16,20,511,517,47,599,59,576,41,575,49,573,45,577,48,660,45,655,51
vtd:08031031836,1562,183,222,68,24,27,1038,1935,241,268,92,36,36,1262,799,191,871,256,886,152,860,182,825,122,799,145,926,111,899,143
vtd:08031031606,1047,62,94,26,19,17,829,1207,75,101,31,20,17,963,562,131,628,158,688,117,681,126,682,113,666,125,832,107,819,121
vtd:08031031531,2668,132,1716,93,53,38,636,3683,237,2513,114,64,38,717,648,122,837,120,831,165,803,161,689,133,688,138,1007,247,1009,234
vtd:08031031533,2169,72,1215,123,32,22,705,2852,103,1726,164,40,32,787,663,161,736,157,769,171,754,167,726,138,723,141,922,207,926,201
vtd:08031031220,2286,105,262,133,29,38,1719,2439,137,288,140,32,39,1803,801,108,698,89,1182,128,1139,168,1261,130,1212,159,1638,171,1606,227
vtd:08031031903,1328,33,133,57,21,24,1060,1591,50,177,80,21,34,1229,735,273,728,318,800,238,782,264,800,235,769,264,985,229,952,266
vtd:08031031902,3216,319,655,109,72,41,2020,3647,408,830,121,88,45,2155,785,281,1035,323,1054,269,1024,308,1071,235,1042,257,1439,293,1390,339
vtd:08031031527,3368,491,1136,181,75,31,1454,4348,776,1606,207,92,41,1626,867,121,998,124,1039,115,1015,133,993,113,983,110,1498,223,1472,227
vtd:08031031525,2379,203,294,172,48,27,1635,2449,216,312,176,49,27,1669,469,177,521,274,641,186,623,199,666,173,652,188,990,214,940,261
vtd:08031031607,738,33,48,26,9,11,611,926,51,63,39,14,14,745,452,137,454,135,501,117,503,125,515,129,506,135,597,102,595,113
vtd:08031031744,6858,584,818,716,98,114,4528,10316,915,1325,1142,131,188,6615,589,163,84,28,1847,440,1751,554,2683,675,2546,758,4616,988,4432,1202
vtd:08031031215,1926,96,242,73,30,41,1444,2055,122,273,82,32,41,1505,868,188,869,224,1096,183,1046,219,1065,156,1041,174,1292,148,1269,181
vtd:08031031218,2452,50,230,74,43,24,2031,2586,61,263,89,44,25,2104,1235,214,1247,277,1336,183,1283,218,1341,165,1302,180,1687,186,1626,251
vtd:08031031222,1104,31,84,34,16,21,918,1255,43,100,49,17,22,1024,526,131,644,194,716,96,674,137,723,107,709,111,825,112,816,125
vtd:08031031905,330,24,30,17,4,10,245,429,45,51,25,7,10,291,172,61,166,57,182,52,183,70,183,53,176,57,241,45,231,52
vtd:08031031245,1645,47,85,218,15,21,1259,2018,50,110,247,19,27,1565,645,287,582,345,695,272,681,315,644,308,636,309,878,293,847,344
vtd:08031031246,1275,44,102,50,8,12,1059,1687,53,133,85,10,14,1392,636,324,624,343,683,263,680,290,663,282,665,272,828,252,808,296
vtd:08031031526,1866,236,252,100,43,40,1195,1903,239,267,113,43,40,1201,462,114,392,126,320,88,300,100,359,117,358,116,688,180,669,197
vtd:08031031528,2642,173,603,134,55,38,1639,2861,211,715,140,57,43,1695,990,188,1185,235,1228,194,1171,221,1154,153,1134,153,1418,187,1410,191
vtd:08031031837,1578,254,376,53,32,22,841,1943,345,506,60,33,30,969,713,121,723,129,770,104,753,144,732,109,727,98,867,139,843,157
vtd:08031031109,2043,63,1390,215,18,14,343,2803,122,1996,270,24,19,372,396,139,486,130,468,163,453,169,400,122,395,128,550,235,576,209
vtd:08031031233,2412,52,176,99,36,37,2012,2756,75,215,118,43,46,2259,840,202,948,332,1185,264,1144,338,1208,277,1194,307,1602,311,1530,400
vtd:08031031428,2582,134,1591,47,45,23,742,3450,200,2287,51,52,28,832,495,134,744,142,694,168,686,173,590,122,574,130,852,208,849,211
vtd:08031031402,2196,76,480,114,16,26,1484,2573,97,614,128,25,26,1683,844,198,906,255,987,217,919,234,928,161,905,177,1133,183,1104,220
vtd:08031031403,1690,34,726,26,13,15,876,2020,64,930,26,14,15,971,567,128,682,137,714,153,726,166,702,148,694,153,996,215,972,238
vtd:08031031516,922,68,336,28,9,12,469,1124,106,438,31,12,19,518,283,33,406,24,442,23,431,39,425,27,429,21,601,51,596,56
vtd:08031031520,1395,211,292,34,40,11,807,1620,281,364,35,42,14,884,291,60,735,211,619,150,591,129,500,100,490,108,723,163,718,168
vtd:08031031811,1342,208,234,69,17,22,792,1566,275,305,76,20,33,857,638,48,716,76,753,62,720,92,697,53,686,64,851,68,844,77
vtd:08031031615,997,53,84,67,8,19,766,1470,63,138,117,9,33,1110,454,198,492,263,633,176,623,218,623,183,593,211,761,161,734,195
vtd:08031031240,1379,83,270,58,28,25,915,1672,120,389,68,34,31,1030,494,136,525,184,530,164,533,159,576,125,562,140,721,185,714,192
vtd:08031031212,1653,57,177,70,8,44,1297,1706,67,184,75,8,44,1328,830,172,779,163,876,150,842,178,988,135,961,145,1117,154,1091,173
vtd:08031031407,1675,24,227,61,18,19,1326,1945,35,264,77,20,22,1527,789,181,842,198,930,186,913,213,940,185,921,201,1180,213,1156,256
vtd:08031031419,1490,27,207,48,32,28,1148,1790,37,249,59,34,34,1377,782,250,809,266,898,208,854,260,913,224,880,245,1094,215,1061,256
vtd:08031031801,1355,171,517,37,14,3,613,1651,211,688,40,20,11,681,477,36,636,61,594,32,577,56,551,47,539,53,799,63,777,94
vtd:08031031850,1214,32,54,46,9,18,1055,1314,40,64,56,14,20,1120,727,155,639,143,786,141,772,166,784,149,752,165,902,120,872,157
vtd:08031031125,1679,50,330,97,42,28,1132,2102,79,424,137,48,45,1369,523,372,533,426,503,426,510,445,533,355,522,362,686,483,668,490
vtd:08031031702,1502,68,157,122,14,10,1131,2279,97,227,207,24,20,1704,126,37,237,84,932,178,861,254,912,207,874,229,1094,180,1057,229
vtd:08031031223,907,10,45,25,11,13,803,1109,16,62,36,11,20,964,543,156,516,180,568,116,554,156,558,139,548,154,665,144,644,175
vtd:08031031616,1219,24,70,37,8,19,1061,1595,29,90,55,8,23,1390,730,408,624,457,699,319,725,349,668,400,668,397,856,309,802,385
vtd:08031031404,1607,14,223,31,13,26,1300,1909,21,266,52,21,31,1518,729,170,789,198,875,168,850,195,904,161,873,172,1207,205,1166,242
vtd:08031031412,1649,37,233,40,16,10,1313,1906,42,291,51,19,21,1482,975,187,943,234,1006,166,994,186,927,157,908,166,1252,147,1217,185
vtd:08031031802,1155,193,376,29,13,18,526,1461,254,519,39,16,19,614,522,35,595,54,661,33,638,66,617,45,608,50,768,53,757,64
vtd:08031031817,998,235,137,43,6,2,575,1199,280,177,52,6,5,679,587,34,635,54,640,78,610,93,691,51,673,70,790,60,786,67
vtd:08031031810,2269,529,373,89,43,18,1217,2636,670,469,111,54,24,1308,643,80,753,146,782,119,736,136,959,112,944,126,1253,142,1232,161
vtd:08031031107,2766,74,1631,157,46,27,831,3713,116,2326,204,56,36,975,714,309,833,316,806,330,816,323,704,290,686,308,967,391,963,398
vtd:08031031128,1052,21,127,151,10,10,733,1404,43,203,199,15,14,930,416,426,330,355,394,369,421,384,388,355,350,394,505,390,481,418
vtd:08031031431,2129,43,1325,35,29,20,677,2732,60,1839,45,36,25,727,643,142,742,154,830,180,808,180,727,159,706,176,1018,244,1028,239
vtd:08031031435,2091,42,1562,44,31,11,401,2979,87,2315,60,44,21,452,420,94,506,80,622,146,600,129,470,110,478,109,718,177,718,184
vtd:08031031636,1163,12,35,34,10,26,1046,1524,15,46,61,13,37,1352,706,278,664,361,773,226,746,277,728,252,716,257,883,214,834,275
vtd:08031031227,1001,15,55,42,17,16,856,1174,17,77,53,18,19,990,565,153,540,218,603,162,594,178,566,171,540,197,702,182,663,229
vtd:08031031132,1687,39,227,100,15,24,1282,1958,52,286,125,19,25,1451,422,484,464,601,487,527,508,545,483,483,462,513,672,534,644,582
vtd:08031031422,1718,38,274,62,33,34,1277,2068,64,354,91,36,40,1483,667,132,780,203,881,185,832,236,899,213,857,220,1179,271,1149,311
vtd:08031031203,1224,98,128,62,16,13,907,1287,110,138,64,16,15,944,463,83,565,160,677,114,651,143,683,94,657,110,800,92,786,98
vtd:08031031208,1782,83,207,63,37,33,1359,1838,92,220,69,42,39,1376,887,117,933,138,986,88,922,106,997,59,977,69,1078,73,1077,88
vtd:08031031209,1470,73,122,70,34,10,1161,1505,79,129,74,35,10,1178,673,137,752,171,805,113,764,150,772,104,742,114,943,111,925,136
vtd:08031031826,1576,318,187,76,40,21,934,1714,370,219,82,42,24,977,661,107,675,143,712,113,705,118,706,84,689,98,929,116,919,131
vtd:08031031101,3220,117,2454,115,41,16,477,4758,211,3721,155,54,28,589,639,146,780,132,723,163,730,164,613,127,615,122,962,219,971,201
vtd:08031031234,1782,27,129,72,24,35,1495,2141,37,162,96,26,46,1774,899,236,943,371,1052,258,1039,324,1076,269,1044,304,1389,269,1333,351
vtd:08031031236,1217,13,77,48,10,25,1044,1456,36,96,56,14,29,1225,604,166,609,225,650,170,644,238,687,206,665,220,839,188,796,237
vtd:08031031425,1645,159,559,69,32,15,811,2105,266,756,82,47,20,934,358,97,595,125,598,106,582,113,560,107,554,103,841,178,821,206
vtd:08031031409,1302,17,220,31,18,18,998,1574,26,264,40,18,18,1208,783,152,798,179,835,123,806,158,857,150,828,169,1000,157,966,176
vtd:08031031827,1492,139,130,54,12,17,1140,1765,182,166,60,15,24,1318,626,77,701,103,880,81,848,119,946,94,923,104,1115,89,1076,127
